timestamp_unix,price_usd
1786320000,0.32962906374420003
1786323600,0.3303661598206958
1786327200,0.3303311117475965
1786330800,0.33002573569919047
1786334400,0.32976442665179045
1786338000,0.32982773275487315
1786341600,0.3299534036064514
1786345200,0.32969453283090616
1786348800,0.32978813507099897
1786352400,0.3304047836578489
1786356000,0.33039328658378836
1786359600,0.3314454144550283
1786363200,0.33145032068020036
1786366800,0.3315405399051825
1786370400,0.3308267710613586
1786374000,0.33101656449088085
1786377600,0.330772822742246
1786381200,0.3308040499319263
1786384800,0.330838319629456
1786388400,0.33073979502153417
1786392000,0.3305518247026046
1786395600,0.330693916630686
1786399200,0.33064656990578145
1786402800,0.3304101975050751
1786406400,0.3305462087951449
1786410000,0.3306909398159205
1786413600,0.3309032614801367
1786417200,0.3309967325991863
1786420800,0.3311899549107493
1786424400,0.33140458384412214
1786428000,0.3315281719039492
1786431600,0.33142742072468623
1786435200,0.3318548303706731
1786438800,0.3317682105882969
1786442400,0.3349062479510161
1786446000,0.3359445423246763
1786449600,0.3367842339918323
1786453200,0.3361662636780733
1786456800,0.33580331154671805
1786460400,0.3350239303002163
1786464000,0.33477328399647155
1786467600,0.3345327060168737
1786471200,0.334972238843203
1786474800,0.3349933287123166
1786478400,0.334853601005476
1786482000,0.3349598396611136
1786485600,0.3349088141434764
1786489200,0.33474274688564154
1786492800,0.334886888395544
1786496400,0.3347356972002425
1786500000,0.3344899365069846
1786503600,0.33409229281307723
1786507200,0.33398325334538204
1786510800,0.33415421515284616
1786514400,0.3350747811500452
1786518000,0.33599330620849205
1786521600,0.33586257309675344
1786525200,0.33601118243564376
1786528800,0.33599176231044364
1786532400,0.33657208001453454
1786536000,0.33684328947522096
1786539600,0.3361340959943801
1786543200,0.33597780437357505
1786546800,0.3353173238295395
1786550400,0.3357386876041936
1786554000,0.33554737339286794
1786557600,0.3357296921392654
1786561200,0.33572175443922797
1786564800,0.33546154220839286
1786568400,0.3354704079913032
1786572000,0.3354288618109916
1786575600,0.33546087270355274
1786579200,0.33591335154978585
1786582800,0.3355021089183542
1786586400,0.3357855585263922
1786590000,0.33568069839854325
1786593600,0.33574755533601713
1786597200,0.33557022893441124
1786600800,0.3377568801377956
1786604400,0.3372742127347699
1786608000,0.336677853308615
1786611600,0.33543210916501126
1786615200,0.3334558524411663
1786618800,0.3334048536798074
1786622400,0.3336648577341729
1786626000,0.3341164102057915
1786629600,0.33422674541940434
1786633200,0.33446405342565116
1786636800,0.3341103182089088
1786640400,0.3338754701565975
1786644000,0.33367461880791555
1786647600,0.3332493122543379
1786651200,0.3336898844427226
1786654800,0.3339872830042355
1786658400,0.33406079332854116
1786662000,0.3339817004463985
1786665600,0.3341073047465818
1786669200,0.3340221775475127
1786672800,0.33413361623322996
1786676400,0.334129671358606
1786680000,0.3338891090317218
1786683600,0.3339129671607887
1786687200,0.33371249702405
1786690800,0.3336652981366123
1786694400,0.3339297756283177
1786698000,0.3333432389368566
1786701600,0.3332130077390445
1786705200,0.33316862019457527
1786708800,0.3331244911429126
1786712400,0.33314664899433194
1786716000,0.332371215174552
1786719600,0.3325553964770336
1786723200,0.33172249794004727
1786726800,0.33218495655244257
1786730400,0.33238913900579475
1786734000,0.3323921939197298
1786737600,0.33261474356858006
1786741200,0.3326086815786489
1786744800,0.33230257932455576
1786748400,0.3325115165708215
1786752000,0.33236978142168566
1786755600,0.332090892589022
1786759200,0.3324881434716573
1786762800,0.3328509526608352
1786766400,0.3329519193991027
1786770000,0.3325398317824873
1786773600,0.3323111521240584
1786777200,0.3324195778917914
1786780800,0.3323679983234016
1786784400,0.33211304667578606
1786788000,0.33200380945878905
1786791600,0.3316969117936716
1786795200,0.33076725894661313
1786798800,0.33076378232013154
1786802400,0.3307710677857442
1786806000,0.33104398758365067
1786809600,0.3311940792841465
1786813200,0.3317590709770866
1786816800,0.33151296717903417
1786820400,0.3314002142718679
1786824000,0.33142616328985464
1786827600,0.33124809832580265
1786831200,0.3311793148614352
1786834800,0.3312357339800451
1786838400,0.330979373037527
1786842000,0.3308299567931458
1786845600,0.3310452382983784
1786849200,0.33100298900297975
1786852800,0.3307558297898875
1786856400,0.33084035367727904
1786860000,0.3308211989382196
1786863600,0.3309454937466658
1786867200,0.3308045889232089
1786870800,0.33095337442929235
1786874400,0.33105619900294986
1786878000,0.330991988608064
1786881600,0.3314899491409128
1786885200,0.33163435364385335
1786888800,0.33135309502514076
1786892400,0.3316133713670271
1786896000,0.33170506886363427
1786899600,0.33191984775939737
1786903200,0.3319604350096617
1786906800,0.3316021528893141
1786910400,0.33145788801676923
1786914000,0.3315434984824658
1786917600,0.33118570668717634
1786921200,0.33109253403447425
1786924800,0.3311021342313774
1786928400,0.33109535759356673
1786932000,0.3321506553324914
1786935600,0.33219532825370707
1786939200,0.3321739594106705
1786942800,0.3322784676018472
1786946400,0.33225346994318683
1786950000,0.33250605345520307
1786953600,0.3325418141789789
1786957200,0.3327540820885538
1786960800,0.3329515227718172
1786964400,0.33240685350775967
1786968000,0.33208353579672334
1786971600,0.3317078947633889
1786975200,0.33162858034555204
1786978800,0.33142340508700646
1786982400,0.3289124690117083
1786986000,0.330515815132232
1786989600,0.3306985296115309
1786993200,0.3308285967851473
1786996800,0.33106619963033845
1787000400,0.3311110369571953
1787004000,0.33110551253718895
1787007600,0.33117304348522675
1787011200,0.33103912478437364
1787014800,0.33090589731648173
1787018400,0.3308532965258178
1787022000,0.33122685911691685
1787025600,0.3316172453360033
1787029200,0.3315732411713438
1787032800,0.3315193121307749
1787036400,0.33279098156901665
1787040000,0.3330811232336533
1787043600,0.3325928447669196
1787047200,0.33297025379223993
1787050800,0.332531479285206
1787054400,0.33259269987708084
1787058000,0.3323750157561908
1787061600,0.3322109785919999
1787065200,0.33214756085749503
1787068800,0.33208932375988814
1787072400,0.33484530039097266
1787076000,0.33369884604149497
1787079600,0.33338233081621826
1787083200,0.3329832986342776
1787086800,0.33275770525181053
1787090400,0.33301308985707895
1787094000,0.33268004020340475
1787097600,0.3326613660292595
1787101200,0.3323216220340899
1787104800,0.3324772055068957
1787108400,0.33198146983863835
1787112000,0.33274457449962486
1787115600,0.3328338351328714
1787119200,0.3327855011445502
1787122800,0.33300472130435194
1787126400,0.3331073257948179
1787130000,0.33284329014102376
1787133600,0.3328044384558396
1787137200,0.33242882444106187
1787140800,0.3322427210163138
1787144400,0.33237588640915744
1787148000,0.33220939345660655
1787151600,0.3323982748505261
1787155200,0.33332787850418366
1787158800,0.33350703678614796
1787162400,0.33198170204445077
1787166000,0.3319329730058866
1787169600,0.33213507468643905
1787173200,0.33323266541113716
1787176800,0.3333209611489878
1787180400,0.33373874511482415
1787184000,0.33451243604369896
1787187600,0.3341627541204181
1787191200,0.3336725650140972
1787194800,0.33332688738359634
1787198400,0.3320841077305833
1787202000,0.3322857784208398
1787205600,0.3329829389966908
1787209200,0.3331450693155321
1787212800,0.33368212735538555
1787216400,0.3344785552070303
1787220000,0.3344803023967229
1787223600,0.3369100912803997
1787227200,0.33759389911795956
1787230800,0.3373126220298633
1787234400,0.3379990007805327
1787238000,0.33835944080791147
1787241600,0.33892447683655347
1787245200,0.3398328153263761
1787248800,0.3389897326400845
1787252400,0.3388186497124738
1787256000,0.33938142946126504
1787259600,0.3401297501259125
1787263200,0.33985399809137057
1787266800,0.33962855395608815
1787270400,0.33744401335763213
1787274000,0.33812417241617077
1787277600,0.3378697085102371
1787281200,0.3380024866738231
1787284800,0.3382066809343814
1787288400,0.3377418828614851
1787292000,0.33799826092022034
1787295600,0.3382898076722267
1787299200,0.33895046621693414
1787302800,0.33971884422931875
1787306400,0.34102990309044834
1787310000,0.33991162470178493
1787313600,0.339896180010411
1787317200,0.34051899303633365
1787320800,0.3397985686862039
1787324400,0.339971550633569
1787328000,0.33987004995829445
1787331600,0.3402465725748293
1787335200,0.3400168923942334
1787338800,0.3398668917162179
1787342400,0.3400857988201634
1787346000,0.34097804135243015
1787349600,0.3417820712837067
1787353200,0.34311780166786215
1787356800,0.3433901573457928
1787360400,0.3440813987221415
1787364000,0.3433831700150505
1787367600,0.34538167568146666
1787371200,0.34653617798690184
1787374800,0.34987673759446797
1787378400,0.3457441540723923
1787382000,0.3456270053820099
1787385600,0.3452866254162404
1787389200,0.34410814474435425
1787392800,0.34368054956777555
1787396400,0.34266699756182284
1787400000,0.34294854069953373
1787403600,0.34316843988327417
1787407200,0.34356880714578986
1787410800,0.34379625743554937
1787414400,0.34402431674487854
1787418000,0.3442742224630497
1787421600,0.344366374020658
1787425200,0.34520346055842044
1787428800,0.34521724364664935
1787432400,0.3449771859861697
1787436000,0.34440942693409127
1787439600,0.34487888533254946
1787443200,0.34422312067629884
1787446800,0.34524908006861244
1787450400,0.34537557482012454
1787454000,0.34356298875565067
1787457600,0.34302887569685037
1787461200,0.3421984911216258
1787464800,0.34210626430892327
1787468400,0.3420344192667341
1787472000,0.34238279257506776
1787475600,0.3428784812434834
1787479200,0.3427447649188043
1787482800,0.34360463440982514
1787486400,0.3437494061397383
1787490000,0.34367409348242883
1787493600,0.3442581159866048
1787497200,0.34368534393236383
1787500800,0.34351149550033494
1787504400,0.343516579564272
1787508000,0.34359087656065146
1787511600,0.34390079408141844
1787515200,0.34367806698354675
1787518800,0.3437507213442427
1787522400,0.34403837914677365
1787526000,0.34391051599435624
1787529600,0.3438245794534974
1787533200,0.34360324676948245
1787536800,0.3431534173051829
1787540400,0.3432693242235985
1787544000,0.3434283478473786
1787547600,0.3440054140266314
1787551200,0.3446603573417597
1787554800,0.3441085575519705
1787558400,0.3437435849113148
1787562000,0.3433682347509827
1787565600,0.3438219744248356
1787569200,0.34335684539306266
1787572800,0.3440014057406426
1787576400,0.34461483374411744
1787580000,0.3437949514824179
1787583600,0.34421219307936557
1787587200,0.34347463539142964
1787590800,0.34297475517317505
1787594400,0.3432482043268362
1787598000,0.34367595809753704
1787601600,0.34365414509170394
1787605200,0.3435897831344391
1787608800,0.3441165688849716
1787612400,0.3441760573610615
1787616000,0.34466528683242237
1787619600,0.3457065049956339
1787623200,0.3460387038613748
1787626800,0.3457255057673585
1787630400,0.34489204717460903
1787634000,0.34433001341089753
1787637600,0.344538411583339
1787641200,0.3444608171343218
1787644800,0.3437436253810452
1787648400,0.34330288963040695
1787652000,0.34219072656009347
1787655600,0.34249728419965453
1787659200,0.3425639669617086
1787662800,0.3428409206049725
